"path","format","bytes","width","height","source_reference","treatment"
"/assets/images/about/aerial-view-4-way-stop.jpg","jpg","1149475","1248","870","yes","retained"
"/assets/images/about/bio-mitchell.jpg","jpg","701554","704","1212","yes","retained"
"/assets/images/about/hero.png","png","801239","800","800","yes","retained"
"/assets/images/about/road-construction-paved-dirt.jpg","jpg","1133073","1248","870","yes","retained"
"/assets/images/about/roundabout-concrete-edge.jpg","jpg","814988","1248","870","yes","retained"
"/assets/images/about/team-mitchell.jpg","jpg","484808","672","800","yes","retained"
"/assets/images/careers/roadside-utilities.webp","webp","405596","1440","810","yes","retained"
"/assets/images/careers/roundabout-construction.webp","webp","642852","2560","1440","yes","retained"
"/assets/images/careers/utility-earthwork.webp","webp","283856","1152","928","yes","retained"
"/assets/images/careers/utility-installation.webp","webp","364516","1440","810","yes","retained"
"/assets/images/home-hero.png","png","6053789","2560","1440","yes","retained"
"/assets/images/home-how-we-work.jpg","jpg","1353166","1440","1506","yes","retained"
"/assets/images/home-who-we-work-with.png","png","4010391","2048","1536","yes","retained"
"/assets/images/projects/current/beatties-ford-road-sidewalk/card-1137.webp","webp","212290","1137","666","yes","retained"
"/assets/images/projects/current/beatties-ford-road-sidewalk/card-480.webp","webp","42622","480","281","yes","retained"
"/assets/images/projects/current/beatties-ford-road-sidewalk/card-960.webp","webp","155530","960","562","yes","retained"
"/assets/images/projects/current/beatties-ford-road-sidewalk/gallery-01-1296.webp","webp","422152","1296","1728","yes","retained"
"/assets/images/projects/current/beatties-ford-road-sidewalk/gallery-01-480.webp","webp","57306","480","640","yes","retained"
"/assets/images/projects/current/beatties-ford-road-sidewalk/gallery-01-960.webp","webp","243874","960","1280","yes","retained"
"/assets/images/projects/current/beatties-ford-road-sidewalk/gallery-02-1049.webp","webp","440110","1049","1400","yes","retained"
"/assets/images/projects/current/beatties-ford-road-sidewalk/gallery-02-480.webp","webp","89318","480","641","yes","retained"
"/assets/images/projects/current/beatties-ford-road-sidewalk/gallery-02-960.webp","webp","365940","960","1281","yes","retained"
"/assets/images/projects/current/beatties-ford-road-sidewalk/gallery-03-1166.webp","webp","474322","1166","1555","yes","retained"
"/assets/images/projects/current/beatties-ford-road-sidewalk/gallery-03-480.webp","webp","79856","480","640","yes","retained"
"/assets/images/projects/current/beatties-ford-road-sidewalk/gallery-03-960.webp","webp","329742","960","1280","yes","retained"
"/assets/images/projects/current/beatties-ford-road-sidewalk/gallery-04-1296.webp","webp","455342","1296","1728","yes","retained"
"/assets/images/projects/current/beatties-ford-road-sidewalk/gallery-04-480.webp","webp","72940","480","640","yes","retained"
"/assets/images/projects/current/beatties-ford-road-sidewalk/gallery-04-960.webp","webp","279930","960","1280","yes","retained"
"/assets/images/projects/current/beatties-ford-road-sidewalk/gallery-05-480.webp","webp","108876","480","641","yes","retained"
"/assets/images/projects/current/beatties-ford-road-sidewalk/gallery-05-944.webp","webp","412346","944","1260","yes","retained"
"/assets/images/projects/current/beatties-ford-road-sidewalk/gallery-06-1440.webp","webp","345120","1440","1920","yes","retained"
"/assets/images/projects/current/beatties-ford-road-sidewalk/gallery-06-480.webp","webp","40676","480","640","yes","retained"
"/assets/images/projects/current/beatties-ford-road-sidewalk/gallery-06-960.webp","webp","169314","960","1280","yes","retained"
"/assets/images/projects/current/beatties-ford-road-sidewalk/gallery-07-1296.webp","webp","441852","1296","1728","yes","retained"
"/assets/images/projects/current/beatties-ford-road-sidewalk/gallery-07-480.webp","webp","63574","480","640","yes","retained"
"/assets/images/projects/current/beatties-ford-road-sidewalk/gallery-07-960.webp","webp","266472","960","1280","yes","retained"
"/assets/images/projects/current/cms-bus-facility/card-480.webp","webp","31038","480","246","yes","retained"
"/assets/images/projects/current/cms-bus-facility/card-945.webp","webp","112544","945","485","yes","retained"
"/assets/images/projects/current/cms-bus-facility/gallery-01-480.webp","webp","117000","480","641","yes","retained"
"/assets/images/projects/current/cms-bus-facility/gallery-01-944.webp","webp","438412","944","1260","yes","retained"
"/assets/images/projects/current/cms-bus-facility/gallery-02-480.webp","webp","105112","480","641","yes","retained"
"/assets/images/projects/current/cms-bus-facility/gallery-02-944.webp","webp","403312","944","1260","yes","retained"
"/assets/images/projects/current/cms-bus-facility/gallery-03-1049.webp","webp","430804","1049","1400","yes","retained"
"/assets/images/projects/current/cms-bus-facility/gallery-03-480.webp","webp","89232","480","641","yes","retained"
"/assets/images/projects/current/cms-bus-facility/gallery-03-960.webp","webp","366596","960","1281","yes","retained"
"/assets/images/projects/current/cms-bus-facility/gallery-04-1728.webp","webp","471100","1728","1296","yes","retained"
"/assets/images/projects/current/cms-bus-facility/gallery-04-480.webp","webp","36338","480","360","yes","retained"
"/assets/images/projects/current/cms-bus-facility/gallery-04-960.webp","webp","154150","960","720","yes","retained"
"/assets/images/projects/current/cms-bus-facility/gallery-05-1555.webp","webp","447084","1555","1166","yes","retained"
"/assets/images/projects/current/cms-bus-facility/gallery-05-480.webp","webp","40366","480","360","yes","retained"
"/assets/images/projects/current/cms-bus-facility/gallery-05-960.webp","webp","175360","960","720","yes","retained"
"/assets/images/projects/current/cms-bus-facility/gallery-06-1555.webp","webp","479974","1555","1166","yes","retained"
"/assets/images/projects/current/cms-bus-facility/gallery-06-480.webp","webp","42674","480","360","yes","retained"
"/assets/images/projects/current/cms-bus-facility/gallery-06-960.webp","webp","187284","960","720","yes","retained"
"/assets/images/projects/current/cms-bus-facility/gallery-07-1555.webp","webp","459930","1555","1166","yes","retained"
"/assets/images/projects/current/cms-bus-facility/gallery-07-480.webp","webp","42550","480","360","yes","retained"
"/assets/images/projects/current/cms-bus-facility/gallery-07-960.webp","webp","180712","960","720","yes","retained"
"/assets/images/projects/current/cms-bus-facility/gallery-08-1728.webp","webp","479032","1728","1296","yes","retained"
"/assets/images/projects/current/cms-bus-facility/gallery-08-480.webp","webp","35782","480","360","yes","retained"
"/assets/images/projects/current/cms-bus-facility/gallery-08-960.webp","webp","153808","960","720","yes","retained"
"/assets/images/projects/current/cms-bus-facility/gallery-09-1166.webp","webp","412250","1166","1555","yes","retained"
"/assets/images/projects/current/cms-bus-facility/gallery-09-480.webp","webp","68874","480","640","yes","retained"
"/assets/images/projects/current/cms-bus-facility/gallery-09-960.webp","webp","287712","960","1280","yes","retained"
"/assets/images/projects/current/franklin-blvd-and-trenton-street/card-1296.webp","webp","210174","1296","680","yes","retained"
"/assets/images/projects/current/franklin-blvd-and-trenton-street/card-480.webp","webp","32274","480","252","yes","retained"
"/assets/images/projects/current/franklin-blvd-and-trenton-street/card-960.webp","webp","113724","960","504","yes","retained"
"/assets/images/projects/current/franklin-blvd-and-trenton-street/gallery-01-1920.webp","webp","449358","1920","1080","yes","retained"
"/assets/images/projects/current/franklin-blvd-and-trenton-street/gallery-01-480.webp","webp","41064","480","270","yes","retained"
"/assets/images/projects/current/franklin-blvd-and-trenton-street/gallery-01-960.webp","webp","138574","960","540","yes","retained"
"/assets/images/projects/current/franklin-blvd-and-trenton-street/gallery-02-1920.webp","webp","448584","1920","1080","yes","retained"
"/assets/images/projects/current/franklin-blvd-and-trenton-street/gallery-02-480.webp","webp","40940","480","270","yes","retained"
"/assets/images/projects/current/franklin-blvd-and-trenton-street/gallery-02-960.webp","webp","137260","960","540","yes","retained"
"/assets/images/projects/current/franklin-blvd-and-trenton-street/gallery-03-1920.webp","webp","390260","1920","1080","yes","retained"
"/assets/images/projects/current/franklin-blvd-and-trenton-street/gallery-03-480.webp","webp","37450","480","270","yes","retained"
"/assets/images/projects/current/franklin-blvd-and-trenton-street/gallery-03-960.webp","webp","124044","960","540","yes","retained"
"/assets/images/projects/current/intersections-of-lawyers-rd-at-indian-trail-fairview-rd/card-1920.webp","webp","369940","1920","1080","yes","retained"
"/assets/images/projects/current/intersections-of-lawyers-rd-at-indian-trail-fairview-rd/card-480.webp","webp","27934","480","270","yes","retained"
"/assets/images/projects/current/intersections-of-lawyers-rd-at-indian-trail-fairview-rd/card-960.webp","webp","107012","960","540","yes","retained"
"/assets/images/projects/current/intersections-of-lawyers-rd-at-indian-trail-fairview-rd/gallery-01-480.webp","webp","42580","480","360","yes","retained"
"/assets/images/projects/current/intersections-of-lawyers-rd-at-indian-trail-fairview-rd/gallery-01-640.webp","webp","75530","640","480","yes","retained"
"/assets/images/projects/current/intersections-of-lawyers-rd-at-indian-trail-fairview-rd/gallery-02-1920.webp","webp","369634","1920","1080","yes","retained"
"/assets/images/projects/current/intersections-of-lawyers-rd-at-indian-trail-fairview-rd/gallery-02-480.webp","webp","28084","480","270","yes","retained"
"/assets/images/projects/current/intersections-of-lawyers-rd-at-indian-trail-fairview-rd/gallery-02-960.webp","webp","107026","960","540","yes","retained"
"/assets/images/projects/current/intersections-of-lawyers-rd-at-indian-trail-fairview-rd/gallery-03-480.webp","webp","62616","480","360","yes","retained"
"/assets/images/projects/current/intersections-of-lawyers-rd-at-indian-trail-fairview-rd/gallery-03-640.webp","webp","112836","640","480","yes","retained"
"/assets/images/projects/current/intersections-of-lawyers-rd-at-indian-trail-fairview-rd/gallery-04-480.webp","webp","37024","480","360","yes","retained"
"/assets/images/projects/current/intersections-of-lawyers-rd-at-indian-trail-fairview-rd/gallery-04-640.webp","webp","66062","640","480","yes","retained"
"/assets/images/projects/current/intersections-of-lawyers-rd-at-indian-trail-fairview-rd/gallery-05-1920.webp","webp","277006","1920","1080","yes","retained"
"/assets/images/projects/current/intersections-of-lawyers-rd-at-indian-trail-fairview-rd/gallery-05-480.webp","webp","21748","480","270","yes","retained"
"/assets/images/projects/current/intersections-of-lawyers-rd-at-indian-trail-fairview-rd/gallery-05-960.webp","webp","83588","960","540","yes","retained"
"/assets/images/projects/current/intersections-of-lawyers-rd-at-indian-trail-fairview-rd/gallery-06-480.webp","webp","34520","480","360","yes","retained"
"/assets/images/projects/current/intersections-of-lawyers-rd-at-indian-trail-fairview-rd/gallery-06-640.webp","webp","61690","640","480","yes","retained"
"/assets/images/projects/current/intersections-of-lawyers-rd-at-indian-trail-fairview-rd/gallery-07-480.webp","webp","27226","480","360","yes","retained"
"/assets/images/projects/current/intersections-of-lawyers-rd-at-indian-trail-fairview-rd/gallery-07-640.webp","webp","48624","640","480","yes","retained"
"/assets/images/projects/current/intersections-of-lawyers-rd-at-indian-trail-fairview-rd/gallery-08-480.webp","webp","52262","480","640","yes","retained"
"/assets/images/projects/current/intersections-of-lawyers-rd-at-indian-trail-fairview-rd/gallery-09-480.webp","webp","36456","480","640","yes","retained"
"/assets/images/projects/current/intersections-of-lawyers-rd-at-indian-trail-fairview-rd/gallery-10-480.webp","webp","23008","480","360","yes","retained"
"/assets/images/projects/current/intersections-of-lawyers-rd-at-indian-trail-fairview-rd/gallery-10-640.webp","webp","41116","640","480","yes","retained"
"/assets/images/projects/current/intersections-of-lawyers-rd-at-indian-trail-fairview-rd/gallery-11-480.webp","webp","27304","480","360","yes","retained"
"/assets/images/projects/current/intersections-of-lawyers-rd-at-indian-trail-fairview-rd/gallery-11-640.webp","webp","48864","640","480","yes","retained"
"/assets/images/projects/current/intersections-of-lawyers-rd-at-indian-trail-fairview-rd/gallery-12-480.webp","webp","59546","480","640","yes","retained"
"/assets/images/projects/current/intersections-of-lawyers-rd-at-indian-trail-fairview-rd/gallery-13-1728.webp","webp","438022","1728","972","yes","retained"
"/assets/images/projects/current/intersections-of-lawyers-rd-at-indian-trail-fairview-rd/gallery-13-480.webp","webp","39534","480","270","yes","retained"
"/assets/images/projects/current/intersections-of-lawyers-rd-at-indian-trail-fairview-rd/gallery-13-960.webp","webp","148734","960","540","yes","retained"
"/assets/images/projects/current/intersections-of-lawyers-rd-at-indian-trail-fairview-rd/gallery-14-480.webp","webp","69140","480","640","yes","retained"
"/assets/images/projects/current/intersections-of-lawyers-rd-at-indian-trail-fairview-rd/gallery-15-480.webp","webp","73646","480","640","yes","retained"
"/assets/images/projects/current/intersections-of-lawyers-rd-at-indian-trail-fairview-rd/gallery-16-1920.webp","webp","314984","1920","1080","yes","retained"
"/assets/images/projects/current/intersections-of-lawyers-rd-at-indian-trail-fairview-rd/gallery-16-480.webp","webp","27014","480","270","yes","retained"
"/assets/images/projects/current/intersections-of-lawyers-rd-at-indian-trail-fairview-rd/gallery-16-960.webp","webp","100298","960","540","yes","retained"
"/assets/images/projects/current/intersections-of-lawyers-rd-at-indian-trail-fairview-rd/gallery-17-1920.webp","webp","423312","1920","1080","yes","retained"
"/assets/images/projects/current/intersections-of-lawyers-rd-at-indian-trail-fairview-rd/gallery-17-480.webp","webp","38102","480","270","yes","retained"
"/assets/images/projects/current/intersections-of-lawyers-rd-at-indian-trail-fairview-rd/gallery-17-960.webp","webp","138370","960","540","yes","retained"
"/assets/images/projects/current/intersections-of-lawyers-rd-at-indian-trail-fairview-rd/gallery-18-480.webp","webp","53658","480","640","yes","retained"
"/assets/images/projects/current/intersections-of-lawyers-rd-at-indian-trail-fairview-rd/gallery-19-1440.webp","webp","468364","1440","1920","yes","retained"
"/assets/images/projects/current/intersections-of-lawyers-rd-at-indian-trail-fairview-rd/gallery-19-480.webp","webp","67110","480","640","yes","retained"
"/assets/images/projects/current/intersections-of-lawyers-rd-at-indian-trail-fairview-rd/gallery-19-960.webp","webp","245636","960","1280","yes","retained"
"/assets/images/projects/current/intersections-of-lawyers-rd-at-indian-trail-fairview-rd/gallery-20-1260.webp","webp","429254","1260","1220","yes","retained"
"/assets/images/projects/current/intersections-of-lawyers-rd-at-indian-trail-fairview-rd/gallery-20-480.webp","webp","58080","480","465","yes","retained"
"/assets/images/projects/current/intersections-of-lawyers-rd-at-indian-trail-fairview-rd/gallery-20-960.webp","webp","259606","960","930","yes","retained"
"/assets/images/projects/current/intersections-of-lawyers-rd-at-indian-trail-fairview-rd/gallery-21-1920.webp","webp","457834","1920","1080","yes","retained"
"/assets/images/projects/current/intersections-of-lawyers-rd-at-indian-trail-fairview-rd/gallery-21-480.webp","webp","40044","480","270","yes","retained"
"/assets/images/projects/current/intersections-of-lawyers-rd-at-indian-trail-fairview-rd/gallery-21-960.webp","webp","141662","960","540","yes","retained"
"/assets/images/projects/current/intersections-of-lawyers-rd-at-indian-trail-fairview-rd/gallery-22-1920.webp","webp","478912","1920","1080","yes","retained"
"/assets/images/projects/current/intersections-of-lawyers-rd-at-indian-trail-fairview-rd/gallery-22-480.webp","webp","34094","480","270","yes","retained"
"/assets/images/projects/current/intersections-of-lawyers-rd-at-indian-trail-fairview-rd/gallery-22-960.webp","webp","132448","960","540","yes","retained"
"/assets/images/projects/current/intersections-of-lawyers-rd-at-indian-trail-fairview-rd/gallery-23-1728.webp","webp","457876","1728","972","yes","retained"
"/assets/images/projects/current/intersections-of-lawyers-rd-at-indian-trail-fairview-rd/gallery-23-480.webp","webp","37160","480","270","yes","retained"
"/assets/images/projects/current/intersections-of-lawyers-rd-at-indian-trail-fairview-rd/gallery-23-960.webp","webp","148874","960","540","yes","retained"
"/assets/images/projects/current/intersections-of-lawyers-rd-at-indian-trail-fairview-rd/hero-1920.webp","webp","334302","1920","1080","yes","retained"
"/assets/images/projects/current/intersections-of-lawyers-rd-at-indian-trail-fairview-rd/hero-480.webp","webp","28244","480","270","yes","retained"
"/assets/images/projects/current/intersections-of-lawyers-rd-at-indian-trail-fairview-rd/hero-960.webp","webp","100426","960","540","yes","retained"
"/assets/images/projects/current/n-rocky-river-rd-lawyers-rd-roundabout/card-1286.webp","webp","187306","1286","675","yes","retained"
"/assets/images/projects/current/n-rocky-river-rd-lawyers-rd-roundabout/card-480.webp","webp","31820","480","252","yes","retained"
"/assets/images/projects/current/n-rocky-river-rd-lawyers-rd-roundabout/card-960.webp","webp","106812","960","504","yes","retained"
"/assets/images/projects/current/n-rocky-river-rd-lawyers-rd-roundabout/gallery-01-1728.webp","webp","461428","1728","972","yes","retained"
"/assets/images/projects/current/n-rocky-river-rd-lawyers-rd-roundabout/gallery-01-480.webp","webp","44984","480","270","yes","retained"
"/assets/images/projects/current/n-rocky-river-rd-lawyers-rd-roundabout/gallery-01-960.webp","webp","166824","960","540","yes","retained"
"/assets/images/projects/current/n-rocky-river-rd-lawyers-rd-roundabout/gallery-02-1728.webp","webp","461428","1728","972","yes","retained"
"/assets/images/projects/current/n-rocky-river-rd-lawyers-rd-roundabout/gallery-02-480.webp","webp","44984","480","270","yes","retained"
"/assets/images/projects/current/n-rocky-river-rd-lawyers-rd-roundabout/gallery-02-960.webp","webp","166824","960","540","yes","retained"
"/assets/images/projects/current/n-rocky-river-rd-lawyers-rd-roundabout/gallery-03-1920.webp","webp","422474","1920","1080","yes","retained"
"/assets/images/projects/current/n-rocky-river-rd-lawyers-rd-roundabout/gallery-03-480.webp","webp","34338","480","270","yes","retained"
"/assets/images/projects/current/n-rocky-river-rd-lawyers-rd-roundabout/gallery-03-960.webp","webp","126592","960","540","yes","retained"
"/assets/images/projects/current/n-rocky-river-rd-lawyers-rd-roundabout/gallery-04-1920.webp","webp","464314","1920","1080","yes","retained"
"/assets/images/projects/current/n-rocky-river-rd-lawyers-rd-roundabout/gallery-04-480.webp","webp","35830","480","270","yes","retained"
"/assets/images/projects/current/n-rocky-river-rd-lawyers-rd-roundabout/gallery-04-960.webp","webp","132134","960","540","yes","retained"
"/assets/images/projects/current/n-rocky-river-rd-lawyers-rd-roundabout/gallery-05-1920.webp","webp","382128","1920","1080","yes","retained"
"/assets/images/projects/current/n-rocky-river-rd-lawyers-rd-roundabout/gallery-05-480.webp","webp","32090","480","270","yes","retained"
"/assets/images/projects/current/n-rocky-river-rd-lawyers-rd-roundabout/gallery-05-960.webp","webp","115054","960","540","yes","retained"
"/assets/images/projects/current/n-rocky-river-rd-lawyers-rd-roundabout/gallery-06-1920.webp","webp","378890","1920","1080","yes","retained"
"/assets/images/projects/current/n-rocky-river-rd-lawyers-rd-roundabout/gallery-06-480.webp","webp","35534","480","270","yes","retained"
"/assets/images/projects/current/n-rocky-river-rd-lawyers-rd-roundabout/gallery-06-960.webp","webp","125016","960","540","yes","retained"
"/assets/images/projects/current/n-rocky-river-rd-lawyers-rd-roundabout/gallery-07-1920.webp","webp","381374","1920","1080","yes","retained"
"/assets/images/projects/current/n-rocky-river-rd-lawyers-rd-roundabout/gallery-07-480.webp","webp","34012","480","270","yes","retained"
"/assets/images/projects/current/n-rocky-river-rd-lawyers-rd-roundabout/gallery-07-960.webp","webp","120390","960","540","yes","retained"
"/assets/images/projects/current/n-rocky-river-rd-lawyers-rd-roundabout/gallery-08-1728.webp","webp","411322","1728","972","yes","retained"
"/assets/images/projects/current/n-rocky-river-rd-lawyers-rd-roundabout/gallery-08-480.webp","webp","38928","480","270","yes","retained"
"/assets/images/projects/current/n-rocky-river-rd-lawyers-rd-roundabout/gallery-08-960.webp","webp","142850","960","540","yes","retained"
"/assets/images/projects/current/n-rocky-river-rd-lawyers-rd-roundabout/gallery-09-1728.webp","webp","395870","1728","972","yes","retained"
"/assets/images/projects/current/n-rocky-river-rd-lawyers-rd-roundabout/gallery-09-480.webp","webp","37534","480","270","yes","retained"
"/assets/images/projects/current/n-rocky-river-rd-lawyers-rd-roundabout/gallery-09-960.webp","webp","140420","960","540","yes","retained"
"/assets/images/projects/current/n-rocky-river-rd-lawyers-rd-roundabout/gallery-10-1920.webp","webp","354262","1920","1080","yes","retained"
"/assets/images/projects/current/n-rocky-river-rd-lawyers-rd-roundabout/gallery-10-480.webp","webp","31794","480","270","yes","retained"
"/assets/images/projects/current/n-rocky-river-rd-lawyers-rd-roundabout/gallery-10-960.webp","webp","109786","960","540","yes","retained"
"/assets/images/projects/current/n-rocky-river-rd-lawyers-rd-roundabout/gallery-11-1920.webp","webp","456242","1920","1080","yes","retained"
"/assets/images/projects/current/n-rocky-river-rd-lawyers-rd-roundabout/gallery-11-480.webp","webp","38028","480","270","yes","retained"
"/assets/images/projects/current/n-rocky-river-rd-lawyers-rd-roundabout/gallery-11-960.webp","webp","137452","960","540","yes","retained"
"/assets/images/projects/current/n-rocky-river-rd-lawyers-rd-roundabout/gallery-12-1920.webp","webp","383308","1920","1080","yes","retained"
"/assets/images/projects/current/n-rocky-river-rd-lawyers-rd-roundabout/gallery-12-480.webp","webp","31606","480","270","yes","retained"
"/assets/images/projects/current/n-rocky-river-rd-lawyers-rd-roundabout/gallery-12-960.webp","webp","111960","960","540","yes","retained"
"/assets/images/projects/current/n-rocky-river-rd-lawyers-rd-roundabout/gallery-13-1920.webp","webp","393206","1920","1080","yes","retained"
"/assets/images/projects/current/n-rocky-river-rd-lawyers-rd-roundabout/gallery-13-480.webp","webp","34258","480","270","yes","retained"
"/assets/images/projects/current/n-rocky-river-rd-lawyers-rd-roundabout/gallery-13-960.webp","webp","122496","960","540","yes","retained"
"/assets/images/projects/current/n-rocky-river-rd-lawyers-rd-roundabout/gallery-14-1920.webp","webp","359978","1920","1080","yes","retained"
"/assets/images/projects/current/n-rocky-river-rd-lawyers-rd-roundabout/gallery-14-480.webp","webp","31376","480","270","yes","retained"
"/assets/images/projects/current/n-rocky-river-rd-lawyers-rd-roundabout/gallery-14-960.webp","webp","111094","960","540","yes","retained"
"/assets/images/projects/current/n-rocky-river-rd-lawyers-rd-roundabout/gallery-15-1166.webp","webp","468782","1166","1555","yes","retained"
"/assets/images/projects/current/n-rocky-river-rd-lawyers-rd-roundabout/gallery-15-480.webp","webp","74934","480","640","yes","retained"
"/assets/images/projects/current/n-rocky-river-rd-lawyers-rd-roundabout/gallery-15-960.webp","webp","327736","960","1280","yes","retained"
"/assets/images/projects/current/n-rocky-river-rd-lawyers-rd-roundabout/gallery-16-1166.webp","webp","401412","1166","1555","yes","retained"
"/assets/images/projects/current/n-rocky-river-rd-lawyers-rd-roundabout/gallery-16-480.webp","webp","64550","480","640","yes","retained"
"/assets/images/projects/current/n-rocky-river-rd-lawyers-rd-roundabout/gallery-16-960.webp","webp","277274","960","1280","yes","retained"
"/assets/images/projects/current/n-rocky-river-rd-lawyers-rd-roundabout/gallery-17-1920.webp","webp","411694","1920","1440","yes","retained"
"/assets/images/projects/current/n-rocky-river-rd-lawyers-rd-roundabout/gallery-17-480.webp","webp","23194","480","360","yes","retained"
"/assets/images/projects/current/n-rocky-river-rd-lawyers-rd-roundabout/gallery-17-960.webp","webp","108302","960","720","yes","retained"
"/assets/images/projects/current/n-rocky-river-rd-lawyers-rd-roundabout/gallery-18-1049.webp","webp","458408","1049","1400","yes","retained"
"/assets/images/projects/current/n-rocky-river-rd-lawyers-rd-roundabout/gallery-18-480.webp","webp","91242","480","641","yes","retained"
"/assets/images/projects/current/n-rocky-river-rd-lawyers-rd-roundabout/gallery-18-960.webp","webp","382024","960","1281","yes","retained"
"/assets/images/projects/current/n-rocky-river-rd-lawyers-rd-roundabout/gallery-19-1440.webp","webp","311488","1440","1920","yes","retained"
"/assets/images/projects/current/n-rocky-river-rd-lawyers-rd-roundabout/gallery-19-480.webp","webp","37378","480","640","yes","retained"
"/assets/images/projects/current/n-rocky-river-rd-lawyers-rd-roundabout/gallery-19-960.webp","webp","157348","960","1280","yes","retained"
"/assets/images/projects/detail/diagonal-stripe-pattern.svg","svg","5683","1440","71","yes","retained"
"/assets/images/projects/photos-coming-soon.svg","svg","352","1600","900","yes","retained"
"/assets/images/services/asphalt-paving-hero-provided.jpg","jpg","1851419","2457","1075","yes","retained"
"/assets/images/services/asphalt-paving-overlay.png","png","1263893","1264","536","yes","retained"
"/assets/images/services/asphalt-paving-roadwork.jpg","jpg","591267","1902","827","yes","retained"
"/assets/images/services/commercial-concrete-approach-provided.jpg","jpg","1315972","1898","870","yes","retained"
"/assets/images/services/commercial-concrete-hero-provided.jpg","jpg","1434133","2426","1075","yes","retained"
"/assets/images/services/commercial-concrete-overlay.jpg","jpg","334842","1584","672","yes","retained"
"/assets/images/services/greenways-hero-provided.jpg","jpg","2910642","2427","1075","yes","retained"
"/assets/images/services/greenways-overlay-provided.jpg","jpg","3596053","2880","1246","yes","retained"
"/assets/images/services/greenways-trail-construction-1440.webp","webp","430530","1440","960","yes","retained"
"/assets/images/services/residential-concrete-approach-provided.jpg","jpg","1041202","1898","870","yes","retained"
"/assets/images/services/residential-concrete-hero-provided.jpg","jpg","2512116","2383","1059","yes","retained"
"/assets/images/services/residential-concrete-overlay.jpg","jpg","218323","1584","672","yes","retained"
"/assets/images/services/roads-bridges-hero-provided.jpg","jpg","1665345","2389","1059","yes","retained"
"/assets/images/services/roads-bridges-hero-roadwork.jpg","jpg","650623","1983","793","yes","retained"
"/assets/images/services/roads-bridges-overlay.jpg","jpg","356848","1584","672","yes","retained"
"/assets/images/services/roads-bridges-roadwork-aerial-1536.webp","webp","261764","1536","672","yes","retained"
"/assets/images/services/underground-utilities-approach-provided.jpg","jpg","1561147","1898","870","yes","retained"
"/assets/images/services/underground-utilities-hero-provided.jpg","jpg","2386346","2428","1080","yes","retained"
"/assets/images/services/underground-utilities-overlay.jpg","jpg","396440","1584","672","yes","retained"
